859,Paul F. Tompkins,Erin Whitehead,Ryan Gaul,,,,,,,,,,,,,,,,,,
858,Christine Bullen,Matt Besser,,,,,,,,,,,,,,,,,,,
857,Ego Nwodim,Matt Apodaca,Peter Banifaz,,,,,,,,,,,,,,,,,,
856,Paul F. Tompkins,Lamar Woods,,,,,,,,,,,,,,,,,,,
855,Mike Hanford,Ben Rodgers,,,,,,,,,,,,,,,,,,,
854,Haley Joel Osment,Ryan Rosenberg,Holly Laurent,,,,,,,,,,,,,,,,,,
853,Jason Mantzoukas,Taran Killam,Paul Brittain,Ryan Gaul,,,,,,,,,,,,,,,,,
852,Chris Gethard,Lily Sullivan,Dan Lippert,Hannah Pilkes,,,,,,,,,,,,,,,,,
851,Todd Barry,Casey Feigh,Jessica McKenna,Connor Ratliff,Griffin Newman,,,,,,,,,,,,,,,,
850,Jason Mantzoukas,Andy Daly,Paul F. Tompkins,,,,,,,,,,,,,,,,,,
849,Moshe Kasher,Carl Tart,Vic Michaelis,,,,,,,,,,,,,,,,,,
848,Lisa Gilroy,Charlie McCrackin,,,,,,,,,,,,,,,,,,,
847,Adam Cayton-Holland,Jon Gabrus,Erin Keif,Greg Hess,,,,,,,,,,,,,,,,,
846,Natasha Lyonne,Alex Fernie,,,,,,,,,,,,,,,,,,,
845,Paul F. Tompkins,Lily Sullivan,,,,,,,,,,,,,,,,,,,
844,Ben Schwartz,Mary Holland,Eugene Cordero,,,,,,,,,,,,,,,,,,
843,Jason Mantzoukas,Paul F. Tompkins,Tim Baltz,Lily Sullivan,Shaun Diston,Vic Michaelis,Carl Tart,Drew Tarver,Lisa Gilroy,Dan Lippert,Gil Ozeri,Will Hines,,,,,,,,,
842,Edi Patterson,Dave Theune,Jacob Wysocki,Allison Dunbar,,,,,,,,,,,,,,,,,
841,John Early,Mitra Jouhari,Amanda Lund,,,,,,,,,,,,,,,,,,
840,Chelsea Peretti,James Mannion,Ben Rodgers,,,,,,,,,,,,,,,,,,
839,Jon Hamm,Drew Tarver,Ryan Gaul,,,,,,,,,,,,,,,,,,
838,Edgar Wright,Paul F. Tompkins,Vic Michaelis,Matt Apodaca,,,,,,,,,,,,,,,,,
837,Dan Wilson,Paul Rust,Erin Keif,Casey Feigh,,,,,,,,,,,,,,,,,
836,Felicia Day,Betsy Sodaro,Mano Agapion,Devin Field,,,,,,,,,,,,,,,,,
835,Sam Jay,Gil Ozeri,Greg Hess,,,,,,,,,,,,,,,,,,
834,Reggie Watts,Matt Gourley,Amanda Lund,Katie Rich,Holly Laurent,,,,,,,,,,,,,,,,
833,Bob Odenkirk,Edi Patterson,Tim Baltz,Heather Anne Campbell,,,,,,,,,,,,,,,,,
832,Paul F. Tompkins,Mitra Jouhari,Lisa Gilroy,,,,,,,,,,,,,,,,,,
831,Aparna Nancherla,Will Hines,Holly Laurent,,,,,,,,,,,,,,,,,,
830,Gary Gulman,Dan Lippert,Dan O'Connor,,,,,,,,,,,,,,,,,,
829,Flula Borg,Shaun Diston,Lily Sullivan,,,,,,,,,,,,,,,,,,
828,Jack Quaid,Tawny Newsome,James Mannion,,,,,,,,,,,,,,,,,,
827,Paul F. Tompkins,Erin Whitehead,John Hartman,,,,,,,,,,,,,,,,,,
826,Andy Richter,Vic Michaelis,Alex Fernie,,,,,,,,,,,,,,,,,,
825,Ellie Kemper,Matt Apodaca,Jacob Wysocki,Hannah Pilkes,,,,,,,,,,,,,,,,,
824,Mike Hanford,James Austin Johnson,Ele Woods,,,,,,,,,,,,,,,,,,
823,Manchester Orchestra,Tawny Newsome,Edi Patterson,Dave Theune,,,,,,,,,,,,,,,,,
822,Anna Konkle,Mitra Jouhari,Christine Bullen,,,,,,,,,,,,,,,,,,
821,Adam DeVine,Ryan Rosenberg,Ify Nwadiwe,,,,,,,,,,,,,,,,,,
820,Vera Drew,Tim Baltz,Casey Feigh,,,,,,,,,,,,,,,,,,
819,Paul F. Tompkins,Lisa Gilroy,Neil Campbell,,,,,,,,,,,,,,,,,,
818,Myq Kaplan,Greg Hess,Erin Keif,,,,,,,,,,,,,,,,,,
817,Nick Kroll,John Gemberling,Gil Ozeri,,,,,,,,,,,,,,,,,,
816,Jack Quaid,Lily Sullivan,Carl Tart,,,,,,,,,,,,,,,,,,
815,Fortune Feimster,Paul F. Tompkins,Matt Apodaca,,,,,,,,,,,,,,,,,,
814,Sarah Silverman,Suzi Barrett,Shaun Diston,,,,,,,,,,,,,,,,,,
813,Jena Friedman,Heather Anne Campbell,Jacob Wysocki,,,,,,,,,,,,,,,,,,
812,Sean Clements,Hayes Davenport,Will Hines,Christine Bullen,,,,,,,,,,,,,,,,,
811,Dan Ahdoot,Vic Michaelis,Casey Feigh,,,,,,,,,,,,,,,,,,
810,Jason Mantzoukas,Andy Daly,Paul F. Tompkins,Jessica McKenna,Shaun Diston,Drew Tarver,Lisa Gilroy,Lily Sullivan,Tim Baltz,Carl Tart,Will Hines,Dan Lippert,,,,,,,,,
809,Jason Mantzoukas,Paul F. Tompkins,Ego Nwodim,Connor Ratliff,,,,,,,,,,,,,,,,,
808,Jason Mantzoukas,Adam Scott,Paul F. Tompkins,Mike Hanford,Griffin Newman,,,,,,,,,,,,,,,,
807,Jason Mantzoukas,Paul F. Tompkins,Andy Daly,Carl Tart,Tim Baltz,Lily Sullivan,Gil Ozeri,,,,,,,,,,,,,,
806,Broden Kelly,Zachary Ruane,Mark Bonanno,,,,,,,,,,,,,,,,,,
805,Jon Gabrus,Dave Theune,Ben Rodgers,,,,,,,,,,,,,,,,,,
804,Paul F. Tompkins,Drew Tarver,Ryan Gaul,,,,,,,,,,,,,,,,,,
803,David Wain,Katie Rich,Hannah Pilkes,,,,,,,,,,,,,,,,,,
802,Jay Pharoah,Bobby Moynihan,Tim Baltz,,,,,,,,,,,,,,,,,,
801,Andy Samberg,Neil Campbell,Lily Sullivan,,,,,,,,,,,,,,,,,,
800,Jason Mantzoukas,Andy Daly,Paul F. Tompkins,,,,,,,,,,,,,,,,,,
799,Nick Kroll,Ike Barinholtz,Mitra Jouhari,Gil Ozeri,,,,,,,,,,,,,,,,,
798,David Cross,James Mannion,Holly Laurent,Greg Hess,,,,,,,,,,,,,,,,,
797,Jason Alexander,Peter Tilden,Shaun Diston,Jessica McKenna,,,,,,,,,,,,,,,,,
796,Zach Galifianakis,Edi Patterson,Andy Daly,,,,,,,,,,,,,,,,,,
795,John Hodgman,Paul F. Tompkins,Lisa Gilroy,,,,,,,,,,,,,,,,,,
794,Dan Mangan,Lauren Lapkus,Ryan Rosenberg,,,,,,,,,,,,,,,,,,
793,Reggie Watts,Vic Michaelis,Dave Theune,,,,,,,,,,,,,,,,,,
792,Paul F. Tompkins,Ego Nwodim,Matt Apodaca,,,,,,,,,,,,,,,,,,
791,Jason Woliner,Lily Sullivan,Will Hines,Casey Feigh,,,,,,,,,,,,,,,,,
790,Allison Williams,Dan Lippert,Erin Keif,,,,,,,,,,,,,,,,,,
789,Ben Schwartz,Drew Tarver,Mary Holland,,,,,,,,,,,,,,,,,,
788,Paul F. Tompkins,Shaun Diston,Jon Gabrus,Lily Sullivan,Carl Tart,Jessica McKenna,Will Hines,Vic Michaelis,Lisa Gilroy,Gil Ozeri,,,,,,,,,,,
787,Kristian Bruun,Paul F. Tompkins,Matt Gourley,Lisa Gilroy,,,,,,,,,,,,,,,,,
786,Max Silvestri,Tim Baltz,Lily Sullivan,,,,,,,,,,,,,,,,,,
785,Jason Mantzoukas,Seth Morris,Erin Whitehead,Paul F. Tompkins,,,,,,,,,,,,,,,,,
784,Nick Kroll,John Gemberling,Gil Ozeri,,,,,,,,,,,,,,,,,,
783,Natalie Morales,Jillian Bell,Griffin Newman,Christine Bullen,,,,,,,,,,,,,,,,,
782,Kurt Braunohler,Mike Hanford,Jacob Wysocki,Nick Wiger,,,,,,,,,,,,,,,,,
781,Kevin Nealon,Ryan Rosenberg,Dave Theune,,,,,,,,,,,,,,,,,,
780,Sharon Horgan,Paul F. Tompkins,Casey Feigh,,,,,,,,,,,,,,,,,,
779,Kyle Bornheimer,Dan Lippert,Erin Keif,,,,,,,,,,,,,,,,,,
778,Dan Wilson,Paul Rust,Christine Bullen,Charlie McCrackin,,,,,,,,,,,,,,,,,
777,Rachel Bloom,James Mannion,Matt Apodaca,,,,,,,,,,,,,,,,,,
776,Paul F. Tompkins,Carl Tart,Dan Lippert,,,,,,,,,,,,,,,,,,
775,Jason Mantzoukas,Andy Daly,Paul F. Tompkins,,,,,,,,,,,,,,,,,,
774,Jon Hamm,Lily Sullivan,Devin Field,,,,,,,,,,,,,,,,,,
773,Adam Scott,Matt Besser,Monika Smith,Toni Charline,,,,,,,,,,,,,,,,,
772,Bridger Winegar,Paul F. Tompkins,Lamar Woods,,,,,,,,,,,,,,,,,,
771,Silversun Pickups,Will Hines,Matt Apodaca,Ele Woods,,,,,,,,,,,,,,,,,
770,Tatiana Maslany,Paul F. Tompkins,Caitlin Reilly,,,,,,,,,,,,,,,,,,
769,Bob Odenkirk,James Austin Johnson,Carl Tart,,,,,,,,,,,,,,,,,,
768,Patton Oswalt,Suzi Barrett,Dave Theune,Peter Banifaz,,,,,,,,,,,,,,,,,
767,Paul F. Tompkins,Lauren Lapkus,Mary Holland,,,,,,,,,,,,,,,,,,
766,Howard Kremer,Brett Morris,Will Hines,Jacob Wysocki,,,,,,,,,,,,,,,,,
765,Adam Pally,Jon Gabrus,Ben Rodgers,Lisa Gilroy,,,,,,,,,,,,,,,,,
764,Jon Daly,Dan Lippert,Ryan Gaul,,,,,,,,,,,,,,,,,,
763,Jack Quaid,Paul F. Tompkins,Tawny Newsome,,,,,,,,,,,,,,,,,,
762,Ryan Rosenberg,Monika Smith,Dave Theune,,,,,,,,,,,,,,,,,,
761,Shaun Diston,Lily Sullivan,Ronnie Adrian,,,,,,,,,,,,,,,,,,
760,Andy Richter,Jon Gabrus,Vic Michaelis,Casey Feigh,,,,,,,,,,,,,,,,,
759,Ben Schwartz,Adam Pally,Gil Ozeri,,,,,,,,,,,,,,,,,,
758,Paul F. Tompkins,Lisa Gilroy,James Mannion,,,,,,,,,,,,,,,,,,
757,Edi Patterson,Ben Rodgers,Devin Field,,,,,,,,,,,,,,,,,,
756,Jonah Ray,Zac Oyama,Ego Nwodim,Heather Anne Campbell,,,,,,,,,,,,,,,,,
755,Dan Lippert,Stars,Paul F. Tompkins,Lily Sullivan,Tim Baltz,Ego Nwodim,Shaun Diston,Will Hines,,,,,,,,,,,,,
754,Claudia O'Doherty,Carl Tart,Brad Evans,Nick Ciarelli,,,,,,,,,,,,,,,,,
753,Natasha Leggero,Lily Sullivan,Mike Hanford,Peter Banifaz,,,,,,,,,,,,,,,,,
752,Paul F. Tompkins,Drew Tarver,Ryan Gaul,,,,,,,,,,,,,,,,,,
751,Adam Scott,Will Hines,Suzi Barrett,,,,,,,,,,,,,,,,,,
750,Jason Mantzoukas,Andy Daly,Paul F. Tompkins,,,,,,,,,,,,,,,,,,
749,D'Arcy Carden,Vic Michaelis,Matt Apodaca,,,,,,,,,,,,,,,,,,
748,Lennon Parham,Jacob Wysocki,Madeline Walter,,,,,,,,,,,,,,,,,,
747,John Gemberling,Joe Wengert,Raiza Licea,,,,,,,,,,,,,,,,,,
746,Langston Kerman,Matt Gourley,Paul F. Tompkins,Townland,,,,,,,,,,,,,,,,,
745,Anders Holm,Shaun Diston,Jacquis Neal,,,,,,,,,,,,,,,,,,
744,Ego Nwodim,Will Hines,Matt Apodaca,,,,,,,,,,,,,,,,,,
743,David Cross,Tim Baltz,Lisa Gilroy,,,,,,,,,,,,,,,,,,
742,David Wain,Dan Lippert,Ele Woods,,,,,,,,,,,,,,,,,,
741,Roy Wood Jr.,Devin Field,Zeke Nicholson,Vic Michaelis,,,,,,,,,,,,,,,,,
740,Paul F. Tompkins,Dave Theune,Toni Charline,,,,,,,,,,,,,,,,,,
739,Lily Sullivan,Carl Tart,Ego Nwodim,Paul F. Tompkins,,,,,,,,,,,,,,,,,
738,Ben Schwartz,Katie Dippold,Gil Ozeri,,,,,,,,,,,,,,,,,,
737,Paul F. Tompkins,Shaun Diston,Tim Baltz,Jessica McKenna,Will Hines,Carl Tart,Dan Lippert,Mary Holland,Matt Apodaca,,,,,,,,,,,,
736,Jimmy Pardo,Danielle Koenig,Suzi Barrett,Joey Greer,,,,,,,,,,,,,,,,,
735,Taran Killam,Paul Brittain,Ryan Gaul,,,,,,,,,,,,,,,,,,
734,Aisling Bea,Paul F. Tompkins,Madeline Walter,,,,,,,,,,,,,,,,,,
733,Weird Al Yankovic,Tim Baltz,Vic Michaelis,,,,,,,,,,,,,,,,,,
732,Laurie Kilmartin,Matt Apodaca,Lily Sullivan,Jacquis Neal,,,,,,,,,,,,,,,,,
731,Jason Mantzoukas,Andy Daly,,,,,,,,,,,,,,,,,,,
730,Ben Schwartz,Nick Wiger,,,,,,,,,,,,,,,,,,,
729,Edgar Wright,Bobby Moynihan,Dan Lippert,,,,,,,,,,,,,,,,,,
728,Phoebe Robinson,Jon Gabrus,Paul F. Tompkins,Casey Feigh,,,,,,,,,,,,,,,,,
727,Vanessa Bayer,Will Hines,Edgar Momplaisir,,,,,,,,,,,,,,,,,,
726,Sasheer Zamata,Lily Sullivan,Carl Tart,,,,,,,,,,,,,,,,,,
725,Jason Mantzoukas,Andy Daly,Tim Baltz,,,,,,,,,,,,,,,,,,
724,Ike Barinholtz,Katie Rich,Shaun Diston,,,,,,,,,,,,,,,,,,
723,Kristian Bruun,Paul F. Tompkins,Suzi Barrett,,,,,,,,,,,,,,,,,,
722,Andy Samberg,Ryan Rosenberg,Neil Campbell,,,,,,,,,,,,,,,,,,
721,Phoebe Bridgers,Ego Nwodim,Drew Tarver,,,,,,,,,,,,,,,,,,
720,Hannah Einbinder,Monika Smith,Jacob Wysocki,,,,,,,,,,,,,,,,,,
719,Gillian Jacobs,Will Hines,Dan Lippert,,,,,,,,,,,,,,,,,,
718,Tawny Newsome,Jack Quaid,Ryan Gaul,,,,,,,,,,,,,,,,,,
717,Felicia Day,Janet Varney,Matt Apodaca,Holly Prazoff,,,,,,,,,,,,,,,,,
716,Casey Wilson,Paul F. Tompkins,Katie Rich,,,,,,,,,,,,,,,,,,
715,Haley Joel Osment,Shaun Diston,Joe Wengert,Raiza Licea,,,,,,,,,,,,,,,,,
714,Ziwe,Ryan Rosenberg,Jessica McKenna,,,,,,,,,,,,,,,,,,
713,Mike Mitchell,Neil Campbell,Carl Tart,Jessica Jean Jardine,,,,,,,,,,,,,,,,,
712,Max Silvestri,Paul F. Tompkins,Nicole Parker,Jacquis Neal,,,,,,,,,,,,,,,,,
711,Patton Oswalt,Meredith Salenger,Drew Tarver,Betsy Sodaro,,,,,,,,,,,,,,,,,
710,Edgar Wright,Sparks,Ben Rodgers,Matt Apodaca,,,,,,,,,,,,,,,,,
709,Jon Gabrus,Shaun Diston,Will Hines,Mike Hanford,,,,,,,,,,,,,,,,,
708,Nikki Glaser,Zach Reino,Zac Oyama,,,,,,,,,,,,,,,,,,
707,Paul F. Tompkins,Monika Smith,Dan Lippert,,,,,,,,,,,,,,,,,,
706,J.B. Smoove,Carl Tart,Will Hines,,,,,,,,,,,,,,,,,,
705,Bob Odenkirk,Lily Sullivan,Griffin Newman,,,,,,,,,,,,,,,,,,
704,Jason Mantzoukas,Manchester Orchestra,Andy Daly,Paul F. Tompkins,Jessica McKenna,Tim Baltz,Lily Sullivan,Shaun Diston,Jon Gabrus,Carl Tart,Dan Lippert,Ego Nwodim,,,,,,,,,
703,Langston Kerman,Paul F. Tompkins,James Austin Johnson,,,,,,,,,,,,,,,,,,
702,Don't Stop or We'll Die,Paul Rust,Michael Cassady,Matt Gourley,Kaitlyn Tanimoto,,,,,,,,,,,,,,,,
701,Jamie Lee,Carl Tart,Ego Nwodim,Ben Rodgers,Jon Gabrus,,,,,,,,,,,,,,,,
700,Jason Mantzoukas,Andy Daly,,,,,,,,,,,,,,,,,,,
699,Dulcé Sloan,Shaun Diston,Connor Ratliff,Griffin Newman,,,,,,,,,,,,,,,,,
698,Thomas Lennon,Rob Huebel,Lily Sullivan,Jay Pichardo,,,,,,,,,,,,,,,,,
697,Fortune Feimster,Dan Lippert,Jacquis Neal,,,,,,,,,,,,,,,,,,
696,Gillian Jacobs,Diona Reasonover,Paul F. Tompkins,Neil Campbell,,,,,,,,,,,,,,,,,
695,Kelly Marie Tran,Kulap Vilaysack,Jessica McKenna,Zach Reino,,,,,,,,,,,,,,,,,
694,Adam Brody,Ryan Gaul,Madeline Walter,,,,,,,,,,,,,,,,,,
693,London Hughes,Will Hines,Matt Apodaca,,,,,,,,,,,,,,,,,,
692,Sarah Chalke,Paul F. Tompkins,Katie Rich,,,,,,,,,,,,,,,,,,
691,Tim Baltz,Shaun Diston,Lily Sullivan,,,,,,,,,,,,,,,,,,
690,Mary Lynn Rajskub,Ego Nwodim,Carl Tart,Ben Rodgers,,,,,,,,,,,,,,,,,
689,Jake Fogelnest,Dan Lippert,Lyric Lewis,,,,,,,,,,,,,,,,,,
688,Edi Patterson,Paul F. Tompkins,,,,,,,,,,,,,,,,,,,
687,Ben Schwartz,Horatio Sanz,,,,,,,,,,,,,,,,,,,
686,Jason Mantzoukas,Paul F. Tompkins,Andy Daly,Jon Gabrus,Lauren Lapkus,Ego Nwodim,Carl Tart,Lily Sullivan,Tim Baltz,Shaun Diston,Dan Lippert,,,,,,,,,,
685,Paul Rust,Neil Campbell,,,,,,,,,,,,,,,,,,,
684,Natalie Palamides,Drew Tarver,Ryan Rosenberg,Dan Lippert,Jon Mackey,,,,,,,,,,,,,,,,
683,Kulap Vilaysack,SuChin Pak,Ego Nwodim,Madeline Walter,,,,,,,,,,,,,,,,,
682,Colin Quinn,Jessica McKenna,Will Hines,,,,,,,,,,,,,,,,,,
681,Broden Kelly,Zachary Ruane,Mark Bonanno,,,,,,,,,,,,,,,,,,
680,Jason Mantzoukas,Thomas Middleditch,,,,,,,,,,,,,,,,,,,
679,Gillian Jacobs,Paul F. Tompkins,Carl Tart,,,,,,,,,,,,,,,,,,
678,Steve Byrne,Jimmy O. Yang,Drew Tarver,Katie Rich,,,,,,,,,,,,,,,,,
677,Taran Killam,Paul Brittain,Ryan Gaul,,,,,,,,,,,,,,,,,,
676,Nick Thune,Jon Gabrus,Lily Sullivan,Ben Rodgers,,,,,,,,,,,,,,,,,
675,Arden Myrin,Lauren Lapkus,Brian Jordan Alvarez,,,,,,,,,,,,,,,,,,
674,Shaun Diston,Tim Baltz,Edgar Momplaisir,Paul F. Tompkins,,,,,,,,,,,,,,,,,
673,Eliza Skinner,Joe Wengert,Matt Apodaca,,,,,,,,,,,,,,,,,,
672,Busy Philipps,Ego Nwodim,Paul F. Tompkins,Dan Lippert,,,,,,,,,,,,,,,,,
671,Patton Oswalt,Mike O'Brien,Mary Sohn,,,,,,,,,,,,,,,,,,
670,Kyle Bornheimer,Carl Tart,Lily Sullivan,,,,,,,,,,,,,,,,,,
669,Jack Quaid,Eugene Cordero,Tawny Newsome,,,,,,,,,,,,,,,,,,
668,June Diane Raphael,Paul F. Tompkins,Jacquis Neal,,,,,,,,,,,,,,,,,,
667,Andy Samberg,Mike Hanford,Tim Kalpakis,Jefferson Dutton,Will Hines,,,,,,,,,,,,,,,,
666,Yassir Lester,Edi Patterson,Ryan Gaul,Nick Wiger,,,,,,,,,,,,,,,,,
665,Jim Gaffigan,Lily Sullivan,Ego Nwodim,,,,,,,,,,,,,,,,,,
664,Langston Kerman,Heidi Gardner,Zac Oyama,,,,,,,,,,,,,,,,,,
663,John Hodgman,David Rees,Paul F. Tompkins,Matt Gourley,,,,,,,,,,,,,,,,,
662,Rory Scovel,Sasheer Zamata,Mary Holland,,,,,,,,,,,,,,,,,,
661,Paul F. Tompkins,Carl Tart,Tim Baltz,,,,,,,,,,,,,,,,,,
660,Judy Greer,Shaun Diston,Will Hines,,,,,,,,,,,,,,,,,,
659,Judd Apatow,Edi Patterson,Ego Nwodim,Ben Rodgers,,,,,,,,,,,,,,,,,
658,Myq Kaplan,Mike Hanford,Jessica McKenna,,,,,,,,,,,,,,,,,,
657,Ben Schwartz,Tawny Newsome,Dan Lippert,,,,,,,,,,,,,,,,,,
656,Andy Daly,Matt Gourley,Maria Bamford,,,,,,,,,,,,,,,,,,
655,David Spade,Lauren Lapkus,Seth Morris,,,,,,,,,,,,,,,,,,
654,Rhys Darby,Paul F. Tompkins,Matt Apodaca,,,,,,,,,,,,,,,,,,
653,Jason Mantzoukas,Paul F. Tompkins,Jon Gabrus,Lily Sullivan,Carl Tart,Ego Nwodim,,,,,,,,,,,,,,,
652,Jonathan Van Ness,Edi Patterson,Tawny Newsome,Tim Baltz,,,,,,,,,,,,,,,,,
651,Thomas Middleditch,Ben Schwartz,,,,,,,,,,,,,,,,,,,
650,Jason Mantzoukas,Andy Daly,,,,,,,,,,,,,,,,,,,
649,Jon Gabrus,Ego Nwodim,Carl Tart,Drew Tarver,,,,,,,,,,,,,,,,,
648,Alan Yang,Lauren Lapkus,Mike Castle,,,,,,,,,,,,,,,,,,
647,Paul F. Tompkins,Nicole Parker,Ryan Gaul,,,,,,,,,,,,,,,,,,
646,Shaun Diston,Lily Sullivan,Jacob Wysocki,,,,,,,,,,,,,,,,,,
645,Matt Braunger,Will Hines,Brad Evans,Nick Ciarelli,,,,,,,,,,,,,,,,,
644,Jon Gabrus,D'Arcy Carden,Brandon Scott Jones,Dan Lippert,,,,,,,,,,,,,,,,,
643,Neil Campbell,Paul F. Tompkins,,,,,,,,,,,,,,,,,,,
642,Jimmy Pardo,Niccole Thurman,Matt Apodaca,,,,,,,,,,,,,,,,,,
641,Adam Cayton-Holland,Jessica McKenna,Zach Reino,,,,,,,,,,,,,,,,,,
640,Ben Schwartz,,,,,,,,,,,,,,,,,,,,
639,Andy Samberg,Nick Kroll,Lily Sullivan,,,,,,,,,,,,,,,,,,
638,Jason Mantzoukas,Shaun Diston,Tim Baltz,,,,,,,,,,,,,,,,,,
637,Moshe Kasher,Paul F. Tompkins,Tawny Newsome,,,,,,,,,,,,,,,,,,
636,Kristian Bruun,Ben Rodgers,Lisa Gilroy,,,,,,,,,,,,,,,,,,
635,Rob Huebel,Erinn Hayes,Jonathan Braylock,Jerah Milligan,James III,,,,,,,,,,,,,,,,
634,David Wain,Ego Nwodim,Carl Tart,,,,,,,,,,,,,,,,,,
633,Ben Schwartz,Horatio Sanz,,,,,,,,,,,,,,,,,,,
632,Jason Mantzoukas,Jon Gabrus,Electric Guest,Lauren Lapkus,Shaun Diston,Tim Baltz,Lily Sullivan,Will Hines,Zeke Nicholson,Paul F. Tompkins,Zach Reino,Carl Tart,Drew Tarver,,,,,,,,
631,Rekha Shankar,Mary Holland,Jimmy Fowlie,,,,,,,,,,,,,,,,,,
630,Thomas Middleditch,Jon Gabrus,,,,,,,,,,,,,,,,,,,
629,Demi Adejuyigbe,Gabe Gundacker,Ryan Rosenberg,Ify Nwadiwe,,,,,,,,,,,,,,,,,
628,Joel Kim Booster,Mitra Jouhari,Dan Lippert,Zac Oyama,,,,,,,,,,,,,,,,,
627,Allen Strickland Williams,Holly Prazoff,Jiavani Linayao,,,,,,,,,,,,,,,,,,
626,Max Silvestri,Edgar Momplaisir,Zeke Nicholson,,,,,,,,,,,,,,,,,,
625,Jon Gabrus,Claudia O'Doherty,Will Hines,Ben Rodgers,,,,,,,,,,,,,,,,,
624,Jocelyn DeBoer,Dawn Luebbe,Griffin Newman,Laci Mosley,,,,,,,,,,,,,,,,,
623,Sarah Baker,Matt Gourley,Paul F. Tompkins,,,,,,,,,,,,,,,,,,
622,Jason Mantzoukas,Shaun Diston,Lily Sullivan,Tim Baltz,,,,,,,,,,,,,,,,,
621,Stephanie Wittels Wachs,Dan Lippert,Ryan Rosenberg,Drew Tarver,,,,,,,,,,,,,,,,,
620,D'Arcy Carden,Anthony King,John Gemberling,,,,,,,,,,,,,,,,,,
619,Zach Galifianakis,Lauren Lapkus,Ryan Gaul,Jiavani Linayao,,,,,,,,,,,,,,,,,
618,Kevin Nealon,Joe Wengert,Lily Sullivan,,,,,,,,,,,,,,,,,,
617,Anthony Jeselnik,Dan Lippert,Dhruv Uday Singh,,,,,,,,,,,,,,,,,,
616,YACHT,Shaun Diston,Drew Tarver,Carl Tart,,,,,,,,,,,,,,,,,
615,Tatiana Maslany,Kristian Bruun,Paul F. Tompkins,Kirby Howell-Baptiste,,,,,,,,,,,,,,,,,
614,Adam DeVine,Edi Patterson,Tim Baltz,,,,,,,,,,,,,,,,,,
613,Moshe Kasher,Natasha Leggero,Drew Tarver,Ele Woods,,,,,,,,,,,,,,,,,
612,Jimmy Pardo,Carl Tart,Lauren Ashley Smith,,,,,,,,,,,,,,,,,,
611,Bryan Safi,Jon Gabrus,Zac Oyama,Edgar Momplaisir,,,,,,,,,,,,,,,,,
610,Alan Tudyk,Holly Prazoff,Ryan Rosenberg,,,,,,,,,,,,,,,,,,
609,Andy Richter,Lily Sullivan,Oscar Montoya,,,,,,,,,,,,,,,,,,
608,Tim Heidecker,Will Hines,Ben Rodgers,,,,,,,,,,,,,,,,,,
607,Beth Stelling,Ego Nwodim,Betsy Sodaro,,,,,,,,,,,,,,,,,,
606,Silversun Pickups,Paul F. Tompkins,Jessica McKenna,,,,,,,,,,,,,,,,,,
605,Max Silvestri,Shaun Diston,Dan Lippert,,,,,,,,,,,,,,,,,,
604,Seth Green,Carl Tart,Jon Daly,Gil Ozeri,,,,,,,,,,,,,,,,,
603,Mike Hanford,Tim Kalpakis,Jefferson Dutton,Neil Campbell,,,,,,,,,,,,,,,,,
602,David Cross,Will Hines,Ele Woods,,,,,,,,,,,,,,,,,,
601,Kulap Vilaysack,Lily Sullivan,Ryan Gaul,,,,,,,,,,,,,,,,,,
600,Jason Mantzoukas,Andy Daly,,,,,,,,,,,,,,,,,,,
599.5,Thomas Middleditch,Adam Scott,Chelsea Peretti,Nick Kroll,Drew Tarver,Weird Al Yankovic,Paul Rust,Neil Campbell,Bobby Moynihan,Mary Holland,Horatio Sanz,Ben Schwartz,Jon Daly,Shaun Diston,Mike Hanford,Will Hines,Brendon Small,Jessica St. Clair,Lennon Parham,James Adomian,
599,Jason Mantzoukas,Andy Daly,Paul F. Tompkins,Seth Morris,Jon Hamm,Lauren Lapkus,Jessica McKenna,Zach Reino,Jon Gabrus,Ego Nwodim,Zeke Nicholson,Carl Tart,Rob Huebel,Thomas Lennon,Matt Besser,Paul Scheer,Tawny Newsome,Madeline Walter,Taran Killam,Paul Brittain,Ryan Gaul
598,Tim Robinson,Ryan Rosenberg,Natalie Palamides,Courtney Pauroso,,,,,,,,,,,,,,,,,
597,Baron Vaughn,Zac Oyama,Ify Nwadiwe,,,,,,,,,,,,,,,,,,
596,Griffin Newman,Paul F. Tompkins,Alison Rich,,,,,,,,,,,,,,,,,,
595,Demi Adejuyigbe,Carl Tart,Alyssa Limperis,,,,,,,,,,,,,,,,,,
594,Dan Mangan,Will Hines,Jon Mackey,,,,,,,,,,,,,,,,,,
593,Natalie Morales,Jessica McKenna,Zeke Nicholson,,,,,,,,,,,,,,,,,,
592,Langston Kerman,Ego Nwodim,Carl Tart,Paul F. Tompkins,,,,,,,,,,,,,,,,,
591,Flula Borg,Shaun Diston,Lily Sullivan,Tim Baltz,,,,,,,,,,,,,,,,,
590,Andrea Savage,Matt Besser,Madeline Walter,,,,,,,,,,,,,,,,,,
589,Patton Oswalt,Andy Daly,,,,,,,,,,,,,,,,,,,
588,Jason Mantzoukas,Thomas Middleditch,,,,,,,,,,,,,,,,,,,
587,Maya Erskine,Anna Konkle,Dan Lippert,Ronnie Adrian,,,,,,,,,,,,,,,,,
586,Rhea Butcher,Colton Dunn,Ryan Gaul,,,,,,,,,,,,,,,,,,
585,Matt Walsh,Lauren Lapkus,Dhruv Uday Singh,,,,,,,,,,,,,,,,,,
584,John Hodgman,Paul F. Tompkins,Will Hines,,,,,,,,,,,,,,,,,,
583,Chelsea Peretti,Drew Tarver,John Gemberling,,,,,,,,,,,,,,,,,,
582,Sam Richardson,Joe Wengert,Mary Sohn,,,,,,,,,,,,,,,,,,
581,Matt Ingebretson,Jake Weisman,Ego Nwodim,Mary Scheer,,,,,,,,,,,,,,,,,
580,Ben Schwartz,Horatio Sanz,,,,,,,,,,,,,,,,,,,
579,Jason Mantzoukas,Jon Gabrus,Lauren Lapkus,Paul F. Tompkins,Shaun Diston,Zeke Nicholson,Jessica McKenna,Mike Hanford,Will Hines,Ryan Gaul,Tim Baltz,Thomas Middleditch,Nick Wiger,,,,,,,,
578,Paul F. Tompkins,Bobby Moynihan,,,,,,,,,,,,,,,,,,,
577,Flula Borg,Shaun Diston,Lily Sullivan,,,,,,,,,,,,,,,,,,
576,Andy Daly,Tim Baltz,,,,,,,,,,,,,,,,,,,
575,Don't Stop or We'll Die,Paul Rust,Michael Cassady,Mike Hanford,Zac Oyama,,,,,,,,,,,,,,,,
574,Conan O'Brien,Paul F. Tompkins,Lauren Lapkus,Mary Holland,,,,,,,,,,,,,,,,,
573,Adam Cayton-Holland,Alana Johnston,Ben Rodgers,,,,,,,,,,,,,,,,,,
572,Jason Mantzoukas,Paul F. Tompkins,,,,,,,,,,,,,,,,,,,
571,Jon Gabrus,Betsy Sodaro,Will Hines,,,,,,,,,,,,,,,,,,
570,David Wain,Thomas Middleditch,Shaun Diston,,,,,,,,,,,,,,,,,,
569,Emily Heller,Drew Tarver,Dan Lippert,Ryan Rosenberg,Jon Mackey,,,,,,,,,,,,,,,,
568,Ike Barinholtz,Dhruv Uday Singh,Mary Sohn,,,,,,,,,,,,,,,,,,
567,Lennon Parham,Nick Kroll,Gil Ozeri,,,,,,,,,,,,,,,,,,
566,Taran Killam,Paul Brittain,Ryan Gaul,,,,,,,,,,,,,,,,,,
565,Jason Mantzoukas,Mary Holland,D'Arcy Carden,,,,,,,,,,,,,,,,,,
564,Zach Galifianakis,Andy Daly,Nicole Parker,,,,,,,,,,,,,,,,,,
563,CHVRCHES,Edi Patterson,Holly Prazoff,,,,,,,,,,,,,,,,,,
562,Max Silvestri,Matt Besser,Joe Wengert,,,,,,,,,,,,,,,,,,
561,Andy Richter,Zach Reino,Tawny Newsome,,,,,,,,,,,,,,,,,,
560,Ben Schwartz,Jessica McKenna,Will Hines,,,,,,,,,,,,,,,,,,
559,Bobby Moynihan,Eugene Cordero,,,,,,,,,,,,,,,,,,,
558,Casey Wilson,Drew Tarver,Zac Oyama,,,,,,,,,,,,,,,,,,
557,Carl Tart,Madeline Walter,,,,,,,,,,,,,,,,,,,
556,Kristian Bruun,John Gemberling,Gil Ozeri,Zeke Nicholson,,,,,,,,,,,,,,,,,
555,Cameron Esposito,Paul F. Tompkins,Matt Gourley,,,,,,,,,,,,,,,,,,
554,Horatio Sanz,Thomas Middleditch,,,,,,,,,,,,,,,,,,,
553,Lakeith Stanfield,Ego Nwodim,Mary Sohn,,,,,,,,,,,,,,,,,,
552,Weird Al Yankovic,Ryan Gaul,Edi Patterson,,,,,,,,,,,,,,,,,,
551,Mike Hanford,Tim Kalpakis,Jefferson Dutton,Jon Gabrus,Shaun Diston,,,,,,,,,,,,,,,,
550,Jason Mantzoukas,Andy Daly,,,,,,,,,,,,,,,,,,,
549,Jessica St. Clair,Lennon Parham,Brian Huskey,Paul Scheer,,,,,,,,,,,,,,,,,
548,Gillian Jacobs,Paul F. Tompkins,Lamar Woods,Tawny Newsome,,,,,,,,,,,,,,,,,
547,John Mulaney,Betsy Sodaro,Seth Morris,,,,,,,,,,,,,,,,,,
546,Sean Clements,Hayes Davenport,,,,,,,,,,,,,,,,,,,
545,Reggie Watts,John Tejada,Jeremy Rowley,Alison Rich,,,,,,,,,,,,,,,,,
544,Nick Thune,Michael Ian Black,Zac Oyama,Holly Prazoff,,,,,,,,,,,,,,,,,
543,Sean Clements,Hayes Davenport,Paul F. Tompkins,Lauren Lapkus,Shaun Diston,Zeke Nicholson,Ego Nwodim,Madeline Walter,,,,,,,,,,,,,
542,Phoebe Robinson,Madeline Walter,Ronnie Adrian,,,,,,,,,,,,,,,,,,
541,Thomas Middleditch,Ben Schwartz,,,,,,,,,,,,,,,,,,,
540,Jon Hamm,Paul F. Tompkins,Jessica McKenna,Zach Reino,,,,,,,,,,,,,,,,,
539,Adam Cayton-Holland,Neil Campbell,D'Arcy Carden,,,,,,,,,,,,,,,,,,
538,Chelsea Peretti,Matt Besser,Dhruv Uday Singh,,,,,,,,,,,,,,,,,,
537,Thomas Middleditch,Martin Starr,,,,,,,,,,,,,,,,,,,
536,Tatiana Maslany,Jon Gabrus,Lauren Lapkus,Paul Scheer,James Adomian,,,,,,,,,,,,,,,,
535,Peter Serafinowicz,Griffin Newman,Shaun Diston,Natalie Palamides,Courtney Pauroso,,,,,,,,,,,,,,,,
534,Paul Rust,Claudia O'Doherty,Carl Tart,Ego Nwodim,,,,,,,,,,,,,,,,,
533,Weird Al Yankovic,Mary Holland,Mano Agapion,,,,,,,,,,,,,,,,,,
532,Stephanie Wittels Wachs,Will Hines,Paul F. Tompkins,Tawny Newsome,,,,,,,,,,,,,,,,,
531,Todd Glass,James Adomian,Nicole Byer,,,,,,,,,,,,,,,,,,
530,Whitney Cummings,Jessica McKenna,Marques Ray,,,,,,,,,,,,,,,,,,
529,Patton Oswalt,Andy Daly,Mary Sohn,,,,,,,,,,,,,,,,,,
528,Natasha Leggero,Riki Lindhome,Zeke Nicholson,Drew Tarver,,,,,,,,,,,,,,,,,
527,Ego Nwodim,Shaun Diston,Alison Rich,,,,,,,,,,,,,,,,,,
526,Ben Schwartz,Horatio Sanz,,,,,,,,,,,,,,,,,,,
525,Mister Heavenly,Jason Mantzoukas,Jon Gabrus,Lauren Lapkus,Paul F. Tompkins,Mike Hanford,James Adomian,Carl Tart,Tawny Newsome,Jeremy Rowley,Drew Tarver,Neil Campbell,,,,,,,,,
524,Neil Patrick Harris,Paul F. Tompkins,Shaun Diston,,,,,,,,,,,,,,,,,,
523,Jimmy Pardo,Drew Tarver,Ryan Rosenberg,Jon Mackey,Dan Lippert,,,,,,,,,,,,,,,,
522,Sarah Silverman,Madeline Walter,Ego Nwodim,Paul F. Tompkins,,,,,,,,,,,,,,,,,
521,John Hodgman,Jon Gabrus,Lauren Lapkus,D'Arcy Carden,,,,,,,,,,,,,,,,,
520,Rob Huebel,Will Hines,Alana Johnston,,,,,,,,,,,,,,,,,,
519,John Early,Carl Tart,Zeke Nicholson,,,,,,,,,,,,,,,,,,
518,Jason Mantzoukas,Andy Daly,,,,,,,,,,,,,,,,,,,
517,The National,Brendon Small,Jessica McKenna,,,,,,,,,,,,,,,,,,
516,Ben Schwartz,,,,,,,,,,,,,,,,,,,,
515,Brett Gelman,Jon Daly,Allan McLeod,Natalie Palamides,Nick Wiger,Caroline Anderson,,,,,,,,,,,,,,,
514,Taran Killam,Paul Brittain,Ryan Gaul,,,,,,,,,,,,,,,,,,
513,Patton Oswalt,Drew Tarver,Betsy Sodaro,,,,,,,,,,,,,,,,,,
512,Paul F. Tompkins,Bobby Moynihan,,,,,,,,,,,,,,,,,,,
511,Nick Kroll,Jason Mantzoukas,Seth Morris,,,,,,,,,,,,,,,,,,
510,Andy Samberg,Paul F. Tompkins,Drew Tarver,,,,,,,,,,,,,,,,,,
509,Tig Notaro,Lauren Lapkus,Mary Holland,Erin Whitehead,,,,,,,,,,,,,,,,,
508,Nathan Fielder,Betsy Sodaro,Will Hines,,,,,,,,,,,,,,,,,,
507,Cameron Esposito,Rhea Butcher,Paul F. Tompkins,Tawny Newsome,,,,,,,,,,,,,,,,,
506,Chris Gethard,Mike Hanford,Madeline Walter,,,,,,,,,,,,,,,,,,
505,David Wain,Dan Wilson,Jordan Black,Tim Baltz,,,,,,,,,,,,,,,,,
504,Brett Gelman,,,,,,,,,,,,,,,,,,,,
503,Andy Richter,Alison Rich,John Gemberling,,,,,,,,,,,,,,,,,,
502,Joe Mande,James Adomian,Will Hines,,,,,,,,,,,,,,,,,,
501,Manchester Orchestra,Jessica McKenna,Zach Reino,,,,,,,,,,,,,,,,,,
500,Jason Mantzoukas,Jon Gabrus,Nick Kroll,Lauren Lapkus,Paul F. Tompkins,Mary Holland,,,,,,,,,,,,,,,
499,Kyle Mooney,Paul Rust,Neil Campbell,Fran Gillespie,,,,,,,,,,,,,,,,,
498,Flula Borg,Jeremy Rowley,Brendon Small,Paul F. Tompkins,,,,,,,,,,,,,,,,,
497,Kumail Nanjiani,Emily V. Gordon,Horatio Sanz,Eliza Skinner,,,,,,,,,,,,,,,,,
496,Andrea Savage,Jon Gabrus,Will Hines,Holly Prazoff,,,,,,,,,,,,,,,,,
495,Jason Mantzoukas,Mary Holland,Tim Baltz,,,,,,,,,,,,,,,,,,
494,Jon Hamm,Edgar Wright,Paul F. Tompkins,Jessica McKenna,,,,,,,,,,,,,,,,,
493,Nick Kroll,Anthony King,Seth Morris,,,,,,,,,,,,,,,,,,
492,Jessica St. Clair,Lennon Parham,,,,,,,,,,,,,,,,,,,
491,Rory Scovel,Mike Hanford,D'Arcy Carden,,,,,,,,,,,,,,,,,,
490,Lucia Aniello,Paul W. Downs,Zeke Nicholson,Carl Tart,Lamar Woods,,,,,,,,,,,,,,,,
489,Kulap Vilaysack,Paul F. Tompkins,Drew Tarver,Tim Baltz,Eugene Cordero,Tawny Newsome,Mandell Maughan,Dan Ahdoot,,,,,,,,,,,,,
488,Al Madrigal,Alana Johnston,Alison Rich,Natalie Palamides,,,,,,,,,,,,,,,,,
487,Haley Joel Osment,Ryan Gaul,Lauren Lapkus,Shaun Diston,,,,,,,,,,,,,,,,,
486,Ron Funches,Nick Thune,Jon Daly,Jordan Black,,,,,,,,,,,,,,,,,
485,Jon Gabrus,Paul F. Tompkins,Lauren Lapkus,Zeke Nicholson,Carl Tart,Mary Holland,Mike Hanford,Jessica McKenna,Tawny Newsome,Tim Baltz,Ryan Gaul,Jeremy Rowley,Drew Tarver,Nick Kroll,,,,,,,
484,Jason Mantzoukas,Jon Gabrus,Paul F. Tompkins,,,,,,,,,,,,,,,,,,
483,Neil Campbell,Zeke Nicholson,Matt Besser,,,,,,,,,,,,,,,,,,
482,Joel Hodgson,Jonah Ray,Baron Vaughn,Horatio Sanz,Alison Rich,,,,,,,,,,,,,,,,
481,Thomas Middleditch,Kumail Nanjiani,Martin Starr,,,,,,,,,,,,,,,,,,
480,Jane Lynch,Kate Mines,Paul Witten,Drew Tarver,Madeline Walter,,,,,,,,,,,,,,,,
479,Gerry Duggan,Paul Brittain,Kirby Howell-Baptiste,,,,,,,,,,,,,,,,,,
478,Tatiana Maslany,Kristian Bruun,Paul F. Tompkins,Lauren Lapkus,Mary Holland,,,,,,,,,,,,,,,,
477,American Football,Mike Hanford,Mary Holland,Tim Baltz,,,,,,,,,,,,,,,,,
476,Ryan Gaul,Heidi Gardner,Jordan Black,,,,,,,,,,,,,,,,,,
475,Andy Daly,Jon Gabrus,,,,,,,,,,,,,,,,,,,
474,Gillian Jacobs,Paul Rust,Paul F. Tompkins,,,,,,,,,,,,,,,,,,
473,Ben Schwartz,Thomas Middleditch,,,,,,,,,,,,,,,,,,,
472,Kurt Braunohler,Will Hines,Holly Prazoff,,,,,,,,,,,,,,,,,,
471,Jason Mantzoukas,Kate Berlant,John Early,,,,,,,,,,,,,,,,,,
470,Electric Guest,Mary Holland,Erin Whitehead,,,,,,,,,,,,,,,,,,
469,John Hodgman,Zeke Nicholson,Carl Tart,,,,,,,,,,,,,,,,,,
468,Rachel Bloom,Jeremy Rowley,Anthony Atamanuik,Mike Hanford,,,,,,,,,,,,,,,,,
467,Paul Scheer,Michelle Biloon,Mike O'Brien,,,,,,,,,,,,,,,,,,
466,Brendon Walsh,Randy Liedtke,Lauren Lapkus,,,,,,,,,,,,,,,,,,
465,Matt Besser,Jessica McKenna,Gil Ozeri,,,,,,,,,,,,,,,,,,
464,Ben Schwartz,Horatio Sanz,,,,,,,,,,,,,,,,,,,
463,Jason Mantzoukas,Jon Gabrus,Mike Hanford,Paul F. Tompkins,Tawny Newsome,Tim Baltz,Neil Campbell,Rhea Butcher,Will Hines,Ryan Gaul,Jeremy Rowley,Drew Tarver,James Adomian,Zeke Nicholson,Brendon Small,,,,,,
462,Nick Thune,Moshe Kasher,Lauren Lapkus,,,,,,,,,,,,,,,,,,
461,Arnie Niekamp,Adal Rifai,Matt Young,,,,,,,,,,,,,,,,,,
460,Weird Al Yankovic,Ryan Gaul,Jeremy Rowley,Drew Tarver,,,,,,,,,,,,,,,,,
459,Maria Thayer,James Adomian,Tawny Newsome,,,,,,,,,,,,,,,,,,
458,Ben Schwartz,Lin-Manuel Miranda,,,,,,,,,,,,,,,,,,,
457,Michael Showalter,Paul Brittain,Jeremy Rowley,,,,,,,,,,,,,,,,,,
456,Jason Mantzoukas,Paul F. Tompkins,,,,,,,,,,,,,,,,,,,
455,Rhea Butcher,Bob Odenkirk,Mike Hanford,Dave Ferguson,Tim Kalpakis,Eban Schletter,,,,,,,,,,,,,,,
454,Jon Daly,Allan McLeod,Paul Rust,Nick Wiger,Caroline Anderson,,,,,,,,,,,,,,,,
453,Johnny Pemberton,Eden Sher,Londale Theus Jr.,,,,,,,,,,,,,,,,,,
452,Weird Al Yankovic,Claudia O'Doherty,Jessica McKenna,,,,,,,,,,,,,,,,,,
451,Ben Roy,Andrew Orvedahl,Lauren Lapkus,Brendon Small,Paul F. Tompkins,,,,,,,,,,,,,,,,
450,Kyle Kinane,Horatio Sanz,,,,,,,,,,,,,,,,,,,
449,Paul F. Tompkins,Drew Tarver,Ryan Gaul,Mandell Maughan,Dan Ahdoot,,,,,,,,,,,,,,,,
448,Robert Kirkman,Ryan Gaul,John Gemberling,,,,,,,,,,,,,,,,,,
447,Aya Cash,Kether Donohue,Zeke Nicholson,Kate Berlant,,,,,,,,,,,,,,,,,
446,Tatiana Maslany,Kristian Bruun,Mary Holland,Paul F. Tompkins,,,,,,,,,,,,,,,,,
445,Michelle Biloon,Paul F. Tompkins,,,,,,,,,,,,,,,,,,,
444,Tig Notaro,Mike Hanford,Drew Tarver,,,,,,,,,,,,,,,,,,
443,Adam Scott,Will Hines,Jessica McKenna,,,,,,,,,,,,,,,,,,
442,Jeremy Rowley,Andy Daly,,,,,,,,,,,,,,,,,,,
441,Jason Mantzoukas,Carl Tart,Neil Campbell,,,,,,,,,,,,,,,,,,
440,Todd Glass,Jon Gabrus,Matt Besser,,,,,,,,,,,,,,,,,,
439,Adam Pally,Nick Kroll,,,,,,,,,,,,,,,,,,,
438,Cameron Esposito,Rhea Butcher,Paul F. Tompkins,,,,,,,,,,,,,,,,,,
437,Mike Birbiglia,Mary Holland,Horatio Sanz,,,,,,,,,,,,,,,,,,
436,Sean Clements,Chris Tallman,Eliza Skinner,,,,,,,,,,,,,,,,,,
435,Jim Gaffigan,Eugene Cordero,Will Hines,,,,,,,,,,,,,,,,,,
434,Brent Weinbach,Brendon Small,Erin Whitehead,,,,,,,,,,,,,,,,,,
433,Aparna Nancherla,Jeremy Rowley,Ryan Gaul,,,,,,,,,,,,,,,,,,
432,Dana Carvey,John Gemberling,Drew Tarver,,,,,,,,,,,,,,,,,,
431,Brett Gelman,Mike O'Brien,Tawny Newsome,,,,,,,,,,,,,,,,,,
430,Kristian Bruun,Jessica McKenna,Zeke Nicholson,,,,,,,,,,,,,,,,,,
429,Jason Mantzoukas,Thomas Middleditch,,,,,,,,,,,,,,,,,,,
428,Rhys Darby,Mary Holland,Londale Theus Jr.,,,,,,,,,,,,,,,,,,
427,Natasha Leggero,Riki Lindhome,Dan Mangan,Craig Cackowski,,,,,,,,,,,,,,,,,
426,Ben Schwartz,Horatio Sanz,,,,,,,,,,,,,,,,,,,
425,Andy Samberg,Claudia O'Doherty,Nick Kroll,,,,,,,,,,,,,,,,,,
424,Weird Al Yankovic,Kate Berlant,Drew Tarver,,,,,,,,,,,,,,,,,,
423,Paul F. Tompkins,Bobby Moynihan,,,,,,,,,,,,,,,,,,,
422,Chris Gethard,Anthony Atamanuik,Connor Ratliff,Shannon O'Neill,,,,,,,,,,,,,,,,,
421,Maria Bamford,Will Hines,,,,,,,,,,,,,,,,,,,
420,Rogue Wave,Haley Joel Osment,Lauren Lapkus,,,,,,,,,,,,,,,,,,
419,Jason Mantzoukas,Paul F. Tompkins,Mike Hanford,Neil Campbell,Horatio Sanz,Tim Baltz,Drew Tarver,,,,,,,,,,,,,,
418,Paul Reiser,Brendon Small,,,,,,,,,,,,,,,,,,,
417,Shane Torres,Tim Baltz,Ryan Gaul,,,,,,,,,,,,,,,,,,
416,Thomas Middleditch,Kumail Nanjiani,Martin Starr,,,,,,,,,,,,,,,,,,
415,Rob Corddry,Erinn Hayes,Brian Huskey,Jon Gabrus,,,,,,,,,,,,,,,,,
414,Sean Clements,Hayes Davenport,,,,,,,,,,,,,,,,,,,
413,Tom Scharpling,Jon Daly,,,,,,,,,,,,,,,,,,,
412,Cameron Esposito,Paul F. Tompkins,Matt Gourley,,,,,,,,,,,,,,,,,,
411,The Thermals,Mike Hanford,Tim Kalpakis,,,,,,,,,,,,,,,,,,
410,Jerrod Carmichael,Joe Wengert,Neil Campbell,,,,,,,,,,,,,,,,,,
409,Taran Killam,Paul Brittain,,,,,,,,,,,,,,,,,,,
408,Ben Schwartz,Jon Gabrus,Nick Kroll,Paul F. Tompkins,,,,,,,,,,,,,,,,,
407,Paul F. Tompkins,Drew Tarver,Tim Baltz,Tawny Newsome,Mandell Maughan,Dan Ahdoot,Ryan Gaul,,,,,,,,,,,,,,
406,Thomas Middleditch,Lauren Lapkus,,,,,,,,,,,,,,,,,,,
405,Jillian Bell,Charlotte Newhouse,Matt Gourley,James Bladon,,,,,,,,,,,,,,,,,
404,Neil Campbell,Jessica Jean Jardine,Ronnie Adrian,Betsy Sodaro,Carl Tart,Tim Kalpakis,Paul F. Tompkins,,,,,,,,,,,,,,
403,Adam Scott,Tim Baltz,Dan Ahdoot,,,,,,,,,,,,,,,,,,
402,Ben Schwartz,,,,,,,,,,,,,,,,,,,,
401,Paul Rust,Gillian Jacobs,Paul F. Tompkins,,,,,,,,,,,,,,,,,,
400,Jason Mantzoukas,Andy Daly,,,,,,,,,,,,,,,,,,,
399,Gilbert Gottfried,James Adomian,Anthony Atamanuik,,,,,,,,,,,,,,,,,,
398,Samantha Bee,Drew Tarver,Ryan Gaul,,,,,,,,,,,,,,,,,,
397,Weird Al Yankovic,Lauren Lapkus,Joe Wengert,,,,,,,,,,,,,,,,,,
396,Rob Huebel,Jon Gabrus,Jessica St. Clair,,,,,,,,,,,,,,,,,,
395,Whitney Cummings,John Gemberling,Mary Holland,,,,,,,,,,,,,,,,,,
394,Zach Galifianakis,Lauren Lapkus,Tim Baltz,,,,,,,,,,,,,,,,,,
393,Ben Schwartz,Horatio Sanz,,,,,,,,,,,,,,,,,,,
392,Jessica St. Clair,Brian Huskey,Lennon Parham,Jason Mantzoukas,Seth Morris,Danielle Schneider,Jon Daly,,,,,,,,,,,,,,
391,Paul F. Tompkins,Lauren Lapkus,Jon Gabrus,Mike Hanford,Neil Campbell,Will Hines,,,,,,,,,,,,,,,
390,Eugene Mirman,John Mulaney,Nick Kroll,,,,,,,,,,,,,,,,,,
389,Mary Elizabeth Ellis,Drew Tarver,Dan Lippert,,,,,,,,,,,,,,,,,,
388,Neko Case,Mike Hanford,Mookie Blaiklock,,,,,,,,,,,,,,,,,,
387,John Grant,John Gemberling,Jocelyn DeBoer,,,,,,,,,,,,,,,,,,
386,Bob Odenkirk,Paul F. Tompkins,David Cross,Mike O'Brien,,,,,,,,,,,,,,,,,
385,John Mulaney,Lauren Lapkus,Betsy Sodaro,,,,,,,,,,,,,,,,,,
384,Jason Mantzoukas,Paul F. Tompkins,,,,,,,,,,,,,,,,,,,
383,Brett Gelman,Jon Daly,Nick Wiger,Paul Rust,Caroline Anderson,,,,,,,,,,,,,,,,
382,Wayne Federman,Fred Savage,Matt Gourley,,,,,,,,,,,,,,,,,,
381,Anthony Jeselnik,Nathan Fielder,Drew Tarver,,,,,,,,,,,,,,,,,,
380,Colin Hanks,Eagles of Death Metal,Matt Walsh,Brian Huskey,,,,,,,,,,,,,,,,,
379,Alia Shawkat,Angela Trimbur,Adam DeVine,Jon Gabrus,Pamela Murphy,,,,,,,,,,,,,,,,
378,Jason Mantzoukas,Nick Kroll,,,,,,,,,,,,,,,,,,,
377,Tatiana Maslany,Kristian Bruun,Paul F. Tompkins,Lauren Lapkus,,,,,,,,,,,,,,,,,
376,Peaches,Claudia O'Doherty,Will Hines,,,,,,,,,,,,,,,,,,
375,Jessica St. Clair,Brian Huskey,Lennon Parham,Jason Mantzoukas,Lauren Lapkus,Seth Morris,,,,,,,,,,,,,,,
374,Neil Campbell,Paul Rust,Fran Gillespie,,,,,,,,,,,,,,,,,,
373,Eric Stonestreet,Brendon Small,,,,,,,,,,,,,,,,,,,
372,Diane Coffee,Mike Hanford,Horatio Sanz,,,,,,,,,,,,,,,,,,
371,Jemaine Clement,Stephanie Allynne,Mary Holland,Lauren Lapkus,Erin Whitehead,,,,,,,,,,,,,,,,
370,Paul F. Tompkins,Matt Gourley,,,,,,,,,,,,,,,,,,,
369,Andrea Savage,Casey Wilson,Danielle Schneider,Dannah Phirman,,,,,,,,,,,,,,,,,
368,Paul Scheer,Rob Huebel,,,,,,,,,,,,,,,,,,,
367,Tim Heidecker,Brett Gelman,Jon Daly,,,,,,,,,,,,,,,,,,
366,Bobcat Goldthwait,Joe Wengert,Will Hines,,,,,,,,,,,,,,,,,,
365,Andy Daly,Jason Mantzoukas,Paul F. Tompkins,,,,,,,,,,,,,,,,,,
364,Michael Ian Black,Lauren Lapkus,,,,,,,,,,,,,,,,,,,
363,David Wain,Molly Shannon,Rich Sommer,Marguerite Moreau,,,,,,,,,,,,,,,,,
362,Tig Notaro,Stephanie Allynne,Mookie Blaiklock,,,,,,,,,,,,,,,,,,
361,Dan Finnerty,Jon Gabrus,John Gemberling,,,,,,,,,,,,,,,,,,
360,Jimmy Pardo,Paul Brittain,,,,,,,,,,,,,,,,,,,
359,Kumail Nanjiani,Jonah Ray,Horatio Sanz,Erin Whitehead,,,,,,,,,,,,,,,,,
358,Beck Bennett,Mike Hanford,Neil Campbell,,,,,,,,,,,,,,,,,,
357,Natasha Leggero,Jeremy Konner,Brendon Small,Betsy Sodaro,,,,,,,,,,,,,,,,,
356,Jason Mantzoukas,Paul F. Tompkins,,,,,,,,,,,,,,,,,,,
355,Thomas Middleditch,Lauren Lapkus,,,,,,,,,,,,,,,,,,,
354,Ben Schwartz,,,,,,,,,,,,,,,,,,,,
353,Reggie Watts,Neil Campbell,Mike Mitchell,,,,,,,,,,,,,,,,,,
352,Nick Swardson,James Adomian,Will Hines,,,,,,,,,,,,,,,,,,
351,Hayes Davenport,Sean Clements,Hayley Huntley,Ben Rodgers,,,,,,,,,,,,,,,,,
350,Andy Richter,Andy Daly,,,,,,,,,,,,,,,,,,,
349,Paul F. Tompkins,Lauren Lapkus,Thomas Middleditch,Mike Hanford,Neil Campbell,Erin Whitehead,Joe Wengert,Paul Scheer,,,,,,,,,,,,,
348,Cameron Esposito,Paul F. Tompkins,Matt Gourley,,,,,,,,,,,,,,,,,,
347,Kevin Pollak,Seth Morris,Nick Kroll,,,,,,,,,,,,,,,,,,
346,Tom Green,Mary Holland,Erin Whitehead,,,,,,,,,,,,,,,,,,
345,Kyle Bornheimer,Paul Brittain,Roman Sklar,,,,,,,,,,,,,,,,,,
344,Jamie Chung,Ryan Hansen,Horatio Sanz,Jocelyn DeBoer,Paul F. Tompkins,,,,,,,,,,,,,,,,
343,Alicia Witt,Jon Gabrus,Brendon Small,,,,,,,,,,,,,,,,,,
342,Thomas Middleditch,Kumail Nanjiani,Martin Starr,Paul F. Tompkins,,,,,,,,,,,,,,,,,
341,Stars,Claudia O'Doherty,Neil Campbell,,,,,,,,,,,,,,,,,,
340,Tig Notaro,Lauren Lapkus,Stephanie Allynne,Mary Holland,James Adomian,,,,,,,,,,,,,,,,
339,Lauren Lapkus,Colin Hanks,Nick Kroll,Horatio Sanz,,,,,,,,,,,,,,,,,
338,Michael Ableson,Paul F. Tompkins,Andy Daly,Lauren Lapkus,,,,,,,,,,,,,,,,,
337,Weird Al Yankovic,Paul F. Tompkins,Joe Wengert,,,,,,,,,,,,,,,,,,
336,Harris Wittels,Chelsea Peretti,Adam Scott,,,,,,,,,,,,,,,,,,
335,Gillian Jacobs,Paul F. Tompkins,Colin Hay,,,,,,,,,,,,,,,,,,
334,David Cross,Matt Walsh,James Adomian,,,,,,,,,,,,,,,,,,
333,Jack Antonoff,Miriam Tolan,Horatio Sanz,,,,,,,,,,,,,,,,,,
332,Matt Braunger,Kyle Kinane,Fran Gillespie,Neil Campbell,,,,,,,,,,,,,,,,,
331,Patton Oswalt,Mary Holland,Lauren Lapkus,,,,,,,,,,,,,,,,,,
330,Jim Rash,Horatio Sanz,,,,,,,,,,,,,,,,,,,
329,Nick Kroll,John Mulaney,,,,,,,,,,,,,,,,,,,
328,Anders Holm,American Football,Mike Hanford,,,,,,,,,,,,,,,,,,
327,Ben Schwartz,Horatio Sanz,,,,,,,,,,,,,,,,,,,
326,Aimee Mann,Ted Leo,Paul F. Tompkins,Brendon Small,James Adomian,Lauren Lapkus,Matt Besser,Matt Gourley,Neil Campbell,,,,,,,,,,,,
325,Skylar Astin,Rory Scovel,Pamela Murphy,Will Hines,,,,,,,,,,,,,,,,,
324,Colin Hanks,Lauren Lapkus,Erin Whitehead,Mary Holland,Stephanie Allynne,,,,,,,,,,,,,,,,
323,Reggie Watts,Paul F. Tompkins,Tears for Fears,,,,,,,,,,,,,,,,,,
322,Chelsea Peretti,Seth Morris,,,,,,,,,,,,,,,,,,,
321,Ana Gasteyer,Jon Gabrus,Mookie Blaiklock,,,,,,,,,,,,,,,,,,
320,Alex Borstein,Brendon Small,Molly Bretthauer,,,,,,,,,,,,,,,,,,
319,Brett Gelman,Jon Daly,Allan McLeod,Nick Wiger,Caroline Anderson,,,,,,,,,,,,,,,,
318,Wyatt Cenac,Matt Besser,Jocelyn DeBoer,,,,,,,,,,,,,,,,,,
317,Natasha Lyonne,Paul F. Tompkins,Mary Holland,,,,,,,,,,,,,,,,,,
316,Dane Cook,Reggie Watts,Neil Campbell,,,,,,,,,,,,,,,,,,
315,Casey Wilson,Ken Marino,Joe Wengert,,,,,,,,,,,,,,,,,,
314,Cameron Esposito,Paul F. Tompkins,,,,,,,,,,,,,,,,,,,
313,Ben Schwartz,Paul Banks,Horatio Sanz,,,,,,,,,,,,,,,,,,
312,Andy Samberg,Lauren Lapkus,,,,,,,,,,,,,,,,,,,
311,Joe Lo Truglio,Beth Dover,,,,,,,,,,,,,,,,,,,
310,Kevin Allison,Pamela Murphy,John Gemberling,,,,,,,,,,,,,,,,,,
309,Jimmy Pardo,Nick Kroll,Claudia O'Doherty,,,,,,,,,,,,,,,,,,
308,Paul F. Tompkins,Matt Gourley,Mark McConville,Jeremy Carter,,,,,,,,,,,,,,,,,
307,Tenacious D,Jack Black,Kyle Gass,Lauren Lapkus,Joe Wengert,,,,,,,,,,,,,,,,
306,Paul Rust,Harris Wittels,Michael Cassady,,,,,,,,,,,,,,,,,,
305,Howard Kremer,Kulap Vilaysack,Jon Gabrus,,,,,,,,,,,,,,,,,,
304,Jessica St. Clair,Brian Huskey,Lennon Parham,Jason Mantzoukas,Melissa Rauch,Lauren Lapkus,Andy Daly,,,,,,,,,,,,,,
303,Paul F. Tompkins,Loudon Wainwright III,,,,,,,,,,,,,,,,,,,
302,Mary Lynn Rajskub,Eddie Pepitone,Twin Shadow,,,,,,,,,,,,,,,,,,
301,Jonah Ray,Kumail Nanjiani,Brendon Small,,,,,,,,,,,,,,,,,,
300,Jason Mantzoukas,Andy Daly,,,,,,,,,,,,,,,,,,,
299,Weird Al Yankovic,Claudia O'Doherty,,,,,,,,,,,,,,,,,,,
298,Paul Scheer,Dannah Phirman,Danielle Schneider,Tymberlee Hill,Andrea Savage,,,,,,,,,,,,,,,,
297,Nathan Fielder,Joe Wengert,James Adomian,,,,,,,,,,,,,,,,,,
296,David Wain,Michael Showalter,Neil Campbell,,,,,,,,,,,,,,,,,,
295,Alex Anfanger,Dan Schimpf,Lauren Lapkus,,,,,,,,,,,,,,,,,,
294,Ian Edwards,Brendon Small,Jessica St. Clair,,,,,,,,,,,,,,,,,,
293,Jon Gabrus,Phil Lord,Chris Miller,Eugene Cordero,,,,,,,,,,,,,,,,,
292,Jenny Slate,Merrill Garbus,Jon Daly,,,,,,,,,,,,,,,,,,
291,Bob Odenkirk,Adam Resnick,Neil Casey,Fran Gillespie,,,,,,,,,,,,,,,,,
290,Todd Glass,James Adomian,,,,,,,,,,,,,,,,,,,
289,Paul F. Tompkins,Matt Gourley,,,,,,,,,,,,,,,,,,,
288,Sklar Brothers,Horatio Sanz,,,,,,,,,,,,,,,,,,,
287,Shane Torres,Lauren Lapkus,,,,,,,,,,,,,,,,,,,
286,Paul F. Tompkins,Bobby Moynihan,,,,,,,,,,,,,,,,,,,
285,Ben Schwartz,,,,,,,,,,,,,,,,,,,,
284,Marc Evan Jackson,Mark Gagliardi,Paul F. Tompkins,,,,,,,,,,,,,,,,,,
283,Jessica St. Clair,Lennon Parham,Jason Mantzoukas,Paul F. Tompkins,Lauren Lapkus,Neil Campbell,Paul Rust,Matt Besser,,,,,,,,,,,,,
282,Jessica St. Clair,Lennon Parham,,,,,,,,,,,,,,,,,,,
281,Matt Walsh,Tim Simons,,,,,,,,,,,,,,,,,,,
280,Weird Al Yankovic,Paul F. Tompkins,,,,,,,,,,,,,,,,,,,
279,Lauren Lapkus,Patton Oswalt,Will Hines,,,,,,,,,,,,,,,,,,
278,Old 97's,Matt Berninger,James Adomian,,,,,,,,,,,,,,,,,,
277,Chelsea Peretti,Paul Rust,Neil Campbell,,,,,,,,,,,,,,,,,,
276,Jon Gabrus,Matt Braunger,Matt Besser,,,,,,,,,,,,,,,,,,
275,Jonah Ray,Adam Cayton-Holland,James Adomian,,,,,,,,,,,,,,,,,,
274,Jason Mantzoukas,Andy Daly,,,,,,,,,,,,,,,,,,,
273,Jim O'Heir,Horatio Sanz,,,,,,,,,,,,,,,,,,,
272,Paul F. Tompkins,Gillian Jacobs,,,,,,,,,,,,,,,,,,,
271,Nick Thune,Molly Bretthauer,,,,,,,,,,,,,,,,,,,
270,Jon Daly,James Adomian,,,,,,,,,,,,,,,,,,,
269,Doug Benson,Paul Hornschemeier,Matt Besser,,,,,,,,,,,,,,,,,,
268,Jimmy Pardo,Betsy Sodaro,,,,,,,,,,,,,,,,,,,
267,Neil Campbell,Jerrod Carmichael,Mookie Blaiklock,,,,,,,,,,,,,,,,,,
266,Taran Killam,Paul Brittain,,,,,,,,,,,,,,,,,,,
265,Lauren Lapkus,Harris Wittels,Paul F. Tompkins,,,,,,,,,,,,,,,,,,
264,Nick Kroll,Jenny Slate,,,,,,,,,,,,,,,,,,,
263,Ben Schwartz,Horatio Sanz,Will Ferrell,,,,,,,,,,,,,,,,,,
262,Nick Lowe,Jason Mantzoukas,Andy Daly,Paul F. Tompkins,James Adomian,Neil Campbell,Jon Daly,Paul Rust,Paul Scheer,,,,,,,,,,,,
261,Shelby Fero,Kulap Vilaysack,Horatio Sanz,,,,,,,,,,,,,,,,,,
260,Mike Birbiglia,Jon Gabrus,Brendon Small,,,,,,,,,,,,,,,,,,
259,Lauren Lapkus,David Alan Grier,Joe Wengert,,,,,,,,,,,,,,,,,,
258,Jimmy Pardo,Bill Callahan,Seth Morris,,,,,,,,,,,,,,,,,,
257,Will Forte,Paul F. Tompkins,,,,,,,,,,,,,,,,,,,
256,Brendon Small,Cameron Esposito,James Adomian,,,,,,,,,,,,,,,,,,
255,Rob Delaney,Mookie Blaiklock,,,,,,,,,,,,,,,,,,,
254,Zach Galifianakis,David Wain,Andy Daly,,,,,,,,,,,,,,,,,,
253,Tim Heidecker,Jon Daly,,,,,,,,,,,,,,,,,,,
252,Steven Yeun,Paul Rust,Molly Bretthauer,Nick Wiger,Eva Anderson,Caroline Anderson,,,,,,,,,,,,,,,
251,Todd Glass,Amber Tamblyn,,,,,,,,,,,,,,,,,,,
250,Pete Holmes,Jon Gabrus,Pamela Murphy,,,,,,,,,,,,,,,,,,
249,Bob Odenkirk,Mike Hanford,Chris VanArtsdalen,Mike Mitchell,Dave Ferguson,Jefferson Dutton,Tim Kalpakis,Matt Kowalick,,,,,,,,,,,,,
248,Eric André,Lauren Lapkus,,,,,,,,,,,,,,,,,,,
247,Tim Meadows,Horatio Sanz,,,,,,,,,,,,,,,,,,,
246,June Diane Raphael,Casey Wilson,,,,,,,,,,,,,,,,,,,
245,Amy Poehler,Neil Campbell,Paul F. Tompkins,,,,,,,,,,,,,,,,,,
244,Andy Samberg,Eddie Pepitone,,,,,,,,,,,,,,,,,,,
243,Maria Bamford,James Adomian,,,,,,,,,,,,,,,,,,,
242,Neko Case,Rob Huebel,Tom Lennon,,,,,,,,,,,,,,,,,,
241,Nick Kroll,Paul Scheer,,,,,,,,,,,,,,,,,,,
240,Edgar Wright,Simon Pegg,Nick Frost,,,,,,,,,,,,,,,,,,
239,Jay Mohr,Matt Besser,,,,,,,,,,,,,,,,,,,
238,Jessica St. Clair,Brian Huskey,Lennon Parham,Jason Mantzoukas,Melissa Rauch,,,,,,,,,,,,,,,,
237,Jonah Ray,Nick Thune,Eugene Cordero,,,,,,,,,,,,,,,,,,
236,Rob Corddry,Paul F. Tompkins,,,,,,,,,,,,,,,,,,,
235,Doug Benson,Paul F. Tompkins,,,,,,,,,,,,,,,,,,,
234,Bill Hader,Seth Morris,,,,,,,,,,,,,,,,,,,
233,Bob Odenkirk,Andy Daly,,,,,,,,,,,,,,,,,,,
232,Andy Daly,Paul Rust,,,,,,,,,,,,,,,,,,,
231,Kumail Nanjiani,James Adomian,,,,,,,,,,,,,,,,,,,
230,Reggie Watts,Neil Campbell,,,,,,,,,,,,,,,,,,,
229,Ben Schwartz,Paul F. Tompkins,,,,,,,,,,,,,,,,,,,
228,John Hodgman,Paul F. Tompkins,,,,,,,,,,,,,,,,,,,
227,Brian Posehn,Jon Daly,,,,,,,,,,,,,,,,,,,
226,Paul Feig,Horatio Sanz,,,,,,,,,,,,,,,,,,,
225,Taran Killam,Paul Brittain,,,,,,,,,,,,,,,,,,,
224,Martin Starr,Brandon Johnson,Paul Scheer,Neil Campbell,,,,,,,,,,,,,,,,,
223,Seth Rogen,,,,,,,,,,,,,,,,,,,,
222,Paul F. Tompkins,Gillian Jacobs,Mike Hanford,,,,,,,,,,,,,,,,,,
221,Andy Richter,Paul F. Tompkins,,,,,,,,,,,,,,,,,,,
220,Jessica St. Clair,Lennon Parham,,,,,,,,,,,,,,,,,,,
219,Adam Scott,Chelsea Peretti,Harris Wittels,,,,,,,,,,,,,,,,,,
218,David Wain,Lauren Lapkus,Jessica St. Clair,Paul F. Tompkins,Jason Mantzoukas,Paul Rust,Neil Campbell,,,,,,,,,,,,,,
217,Marc Maron,,,,,,,,,,,,,,,,,,,,
216,Kristen Schaal,Neil Campbell,Michaela Watkins,,,,,,,,,,,,,,,,,,
215,Paul F. Tompkins,Bobby Moynihan,,,,,,,,,,,,,,,,,,,
214,Jen Kirkman,Pamela Murphy,,,,,,,,,,,,,,,,,,,
213,Jerrod Carmichael,Horatio Sanz,,,,,,,,,,,,,,,,,,,
212,Brendon Walsh,Neil Campbell,James Adomian,,,,,,,,,,,,,,,,,,
211,Nick Kroll,Jon Hamm,,,,,,,,,,,,,,,,,,,
210,Adam Brody,Lauren Lapkus,Joe Wengert,,,,,,,,,,,,,,,,,,
209,Howard Kremer,Don't Stop or We'll Die,Michael Cassady,Harris Wittels,Paul Rust,Neil Campbell,Paul F. Tompkins,,,,,,,,,,,,,,
208,Steven Yeun,Doug Benson,Paul F. Tompkins,,,,,,,,,,,,,,,,,,
207,Ken Marino,Martin Starr,Natasha Leggero,Rob Huebel,Reggie Watts,James Adomian,,,,,,,,,,,,,,,
206,Michael Cera,Sarah Silverman,Tim Heidecker,Eric Wareheim,Reggie Watts,Brett Gelman,,,,,,,,,,,,,,,
205,Anthony Jeselnik,Nathan Fielder,Eugene Mirman,Eugene Cordero,,,,,,,,,,,,,,,,,
204,Zach Galifianakis,Jon Daly,Neil Campbell,,,,,,,,,,,,,,,,,,
203,Paul F. Tompkins,Weird Al Yankovic,,,,,,,,,,,,,,,,,,,
202,Nick Thune,Lauren Lapkus,James Adomian,,,,,,,,,,,,,,,,,,
201,Jon Glaser,Matt Besser,,,,,,,,,,,,,,,,,,,
200,Jason Mantzoukas,Andy Daly,,,,,,,,,,,,,,,,,,,
199,Gillian Jacobs,Paul F. Tompkins,,,,,,,,,,,,,,,,,,,
198,Jeffrey Ross,Ron Sexsmith,Amy Phillips,Neil Campbell,,,,,,,,,,,,,,,,,
197,Tim Heidecker,Paul Rust,Jon Daly,,,,,,,,,,,,,,,,,,
196,Jeff Garlin,James Adomian,,,,,,,,,,,,,,,,,,,
195,Reggie Watts,Billy Eichner,Matt Besser,,,,,,,,,,,,,,,,,,
194,Chelsea Peretti,Nick Kroll,,,,,,,,,,,,,,,,,,,
193,Pamela Murphy,Kristen Schaal,Neil Campbell,,,,,,,,,,,,,,,,,,
192,Ben Schwartz,Horatio Sanz,,,,,,,,,,,,,,,,,,,
191,Harris Wittels,Paul Rust,Matt Besser,Paul F. Tompkins,Jon Daly,Nick Kroll,,,,,,,,,,,,,,,
190,Demetri Martin,Pamela Murphy,James Adomian,,,,,,,,,,,,,,,,,,
189,Chris Fairbanks,Paul F. Tompkins,,,,,,,,,,,,,,,,,,,
188,Jessica St. Clair,Judd Apatow,,,,,,,,,,,,,,,,,,,
187,Lennon Parham,Nat Faxon,,,,,,,,,,,,,,,,,,,
186,Julie Klausner,Jake Fogelnest,Paul F. Tompkins,,,,,,,,,,,,,,,,,,
185,Chris Hardwick,Ike Barinholtz,,,,,,,,,,,,,,,,,,,
184,Aziz Ansari,Bob Odenkirk,Neil Campbell,Mike Hanford,James Adomian,,,,,,,,,,,,,,,,
183,Allan McLeod,Brett Gelman,Jon Daly,James Adomian,,,,,,,,,,,,,,,,,
182,Tim Heidecker,Joe Wengert,Lauren Lapkus,,,,,,,,,,,,,,,,,,
181,Casey Wilson,Adam Pally,,,,,,,,,,,,,,,,,,,
180,Gillian Jacobs,Paul F. Tompkins,Lauren Lapkus,,,,,,,,,,,,,,,,,,
179,Kay Cannon,Adam DeVine,Hana Mae Lee,Paul Scheer,,,,,,,,,,,,,,,,,
178,Jessica St. Clair,Rob Corddry,,,,,,,,,,,,,,,,,,,
177,B.J. Novak,Wyatt Cenac,Jordan Peele,Keegan-Michael Key,,,,,,,,,,,,,,,,,
176,Amy Poehler,Jason Mantzoukas,James Adomian,,,,,,,,,,,,,,,,,,
175,Justin Kirk,Paul F. Tompkins,,,,,,,,,,,,,,,,,,,
174,Lizzy Caplan,Nick Kroll,John Mulaney,,,,,,,,,,,,,,,,,,
173,Paul Scheer,Brent Weinbach,Paul F. Tompkins,,,,,,,,,,,,,,,,,,
172,Todd Glass,Brian Huskey,,,,,,,,,,,,,,,,,,,
171,Megan Mullally,Stephanie Hunt,Nick Kroll,,,,,,,,,,,,,,,,,,
170,Lennon Parham,Neil Campbell,Martin Starr,,,,,,,,,,,,,,,,,,
169,Jay Chandrasekhar,Paul F. Tompkins,,,,,,,,,,,,,,,,,,,
168,Bob Odenkirk,Matt Besser,,,,,,,,,,,,,,,,,,,
167,Jessica St. Clair,Paul Rust,Jerrod Carmichael,,,,,,,,,,,,,,,,,,
166,Harris Wittels,Adam Scott,Chelsea Peretti,,,,,,,,,,,,,,,,,,
165,Andy Kindler,Loudon Wainwright III,Amy Phillips,,,,,,,,,,,,,,,,,,
164,Ben Schwartz,Tony Clifton,,,,,,,,,,,,,,,,,,,
163,Steve Agee,Janet Varney,Ken Marino,Deanna Russo,,,,,,,,,,,,,,,,,
162,Andy Samberg,Adam Pally,,,,,,,,,,,,,,,,,,,
161,Reggie Watts,Tim Heidecker,Jon Daly,Andy Daly,,,,,,,,,,,,,,,,,
160,Sarah Silverman,Kyle Dunnigan,,,,,,,,,,,,,,,,,,,
159,Alison Brie,Jason Mantzoukas,Bob Odenkirk,,,,,,,,,,,,,,,,,,
158,Gillian Jacobs,Jordan Peele,,,,,,,,,,,,,,,,,,,
157,Bobcat Goldthwait,Paul F. Tompkins,,,,,,,,,,,,,,,,,,,
156,St. Vincent,Zach Galifianakis,Paul F. Tompkins,James Adomian,Harris Wittels,Jessica St. Clair,Brett Gelman,Nick Kroll,,,,,,,,,,,,,
155,Patton Oswalt,Chris Tallman,,,,,,,,,,,,,,,,,,,
154,Jessica St. Clair,Lennon Parham,,,,,,,,,,,,,,,,,,,
153,Will Forte,Leo Allen,,,,,,,,,,,,,,,,,,,
152,Seth Morris,Ed Helms,,,,,,,,,,,,,,,,,,,
151,Fred Savage,Jackie Clarke,Gil Ozeri,,,,,,,,,,,,,,,,,,
150,Bobby Moynihan,Paul F. Tompkins,,,,,,,,,,,,,,,,,,,
149,Tim Heidecker,James Adomian,Seth Morris,Reggie Watts,,,,,,,,,,,,,,,,,
148,Jason Mantzoukas,Andy Daly,,,,,,,,,,,,,,,,,,,
147,Greg Proops,Paul F. Tompkins,James Adomian,,,,,,,,,,,,,,,,,,
146,Ben Schwartz,Reggie Watts,Matt Besser,,,,,,,,,,,,,,,,,,
145,David Wain,James Adomian,,,,,,,,,,,,,,,,,,,
144,Harris Wittels,Paul Rust,Michael Cassady,,,,,,,,,,,,,,,,,,
143,Weird Al Yankovic,Todd Glass,Amy Phillips,,,,,,,,,,,,,,,,,,
142,Tim Heidecker,Eric Wareheim,James Adomian,,,,,,,,,,,,,,,,,,
141,Tig Notaro,Jamie Denbo,Jessica Chaffin,,,,,,,,,,,,,,,,,,
140,Nick Offerman,James Adomian,,,,,,,,,,,,,,,,,,,
139,Bob Odenkirk,Brian Huskey,,,,,,,,,,,,,,,,,,,
138,Andy Richter,Paul F. Tompkins,,,,,,,,,,,,,,,,,,,
137.5,Paul F. Tompkins,Andy Richter,,,,,,,,,,,,,,,,,,,
137,Paul F. Tompkins,,,,,,,,,,,,,,,,,,,,
136,Jon Daly,Brett Gelman,Paul F. Tompkins,Tom Lennon,Nick Kroll,Seth Morris,Adam Pally,Harris Wittels,James Adomian,,,,,,,,,,,,
135,Erinn Hayes,Dan Telfer,Paul F. Tompkins,,,,,,,,,,,,,,,,,,
134,Kevin Nealon,Ben Schwartz,Amy Phillips,,,,,,,,,,,,,,,,,,
133,Patton Oswalt,Chris Tallman,,,,,,,,,,,,,,,,,,,
132,David Wain,Margaret Cho,Grant-Lee Phillips,James Adomian,,,,,,,,,,,,,,,,,
131,Jason Mantzoukas,Andy Daly,,,,,,,,,,,,,,,,,,,
130,Elizabeth Laime,Jenny Slate,Bobby Moynihan,,,,,,,,,,,,,,,,,,
129,Allan McLeod,Brett Gelman,Jon Daly,Neil Campbell,,,,,,,,,,,,,,,,,
128,Harris Wittels,Jon Heder,Seth Morris,,,,,,,,,,,,,,,,,,
127,Brody Stevens,Nick Swardson,Paul Scheer,,,,,,,,,,,,,,,,,,
126,Jon Hamm,Paul F. Tompkins,Nick Lowe,,,,,,,,,,,,,,,,,,
125,Sarah Silverman,Nick Kroll,Dan Mangan,,,,,,,,,,,,,,,,,,
124,Matthew Sweet,Todd Barry,Nick Thune,,,,,,,,,,,,,,,,,,
123,Susanna Hoffs,Adam Pally,Amy Poehler,,,,,,,,,,,,,,,,,,
122,Zach Galifianakis,Yo La Tengo,Paul F. Tompkins,,,,,,,,,,,,,,,,,,
121,Jimmy Pardo,Paul Rust,Rob Delaney,,,,,,,,,,,,,,,,,,
120,Harris Wittels,Adam Scott,Chelsea Peretti,,,,,,,,,,,,,,,,,,
119,Gillian Jacobs,Andy Daly,,,,,,,,,,,,,,,,,,,
118,Patton Oswalt,Eddie Pepitone,,,,,,,,,,,,,,,,,,,
117,David Cross,Ruben Fleischer,Chad Carter,,,,,,,,,,,,,,,,,,
116,Jessica St. Clair,Todd Glass,,,,,,,,,,,,,,,,,,,
115,Paul Rudd,David Wain,Ken Marino,,,,,,,,,,,,,,,,,,
114,Edgar Wright,Joe Cornish,Matt Besser,,,,,,,,,,,,,,,,,,
113,Bobby Moynihan,Seth Morris,,,,,,,,,,,,,,,,,,,
112,Weird Al Yankovic,Paul F. Tompkins,,,,,,,,,,,,,,,,,,,
111,Harris Wittels,David Guy Levy,Brett Gelman,,,,,,,,,,,,,,,,,,
110,Colin Hanks,Myq Kaplan,Paul Scheer,,,,,,,,,,,,,,,,,,
109,Andy Samberg,Adam Pally,,,,,,,,,,,,,,,,,,,
108,Erinn Hayes,Rob Corddry,James Adomian,,,,,,,,,,,,,,,,,,
107,John Mulaney,Nick Kroll,,,,,,,,,,,,,,,,,,,
106.5,Andy Richter,Paul F. Tompkins,,,,,,,,,,,,,,,,,,,
106,Andy Richter,Paul F. Tompkins,,,,,,,,,,,,,,,,,,,
105,Scot Armstrong,Matt Walsh,Jon Daly,,,,,,,,,,,,,,,,,,
104,Paul Feig,Mike Hanford,Tim Kalpakis,Mike Mitchell,Dave Ferguson,Jefferson Dutton,Matt Kowalick,,,,,,,,,,,,,,
103,Andy Daly,James Adomian,Nick Kroll,Paul F. Tompkins,Paul Scheer,Reggie Watts,Tig Notaro,,,,,,,,,,,,,,
102,Tim Heidecker,Neil Hamburger,,,,,,,,,,,,,,,,,,,
101,Casey Wilson,Joe Lo Truglio,Matt Besser,,,,,,,,,,,,,,,,,,
100,Susanna Hoffs,Matthew Sweet,Tom Lennon,Rob Huebel,Doug Benson,,,,,,,,,,,,,,,,
99,Patton Oswalt,Andy Daly,,,,,,,,,,,,,,,,,,,
98,Adam Scott,James Adomian,,,,,,,,,,,,,,,,,,,
97,Jon Hamm,Seth Morris,,,,,,,,,,,,,,,,,,,
96,Paul Reubens,Dave Foley,Tom Lennon,,,,,,,,,,,,,,,,,,
95,Harris Wittels,Natasha Leggero,Matt Besser,,,,,,,,,,,,,,,,,,
94,Andy Daly,Ben Schwartz,,,,,,,,,,,,,,,,,,,
93,Reggie Watts,James Adomian,,,,,,,,,,,,,,,,,,,
92,Andy Richter,Jessica St. Clair,,,,,,,,,,,,,,,,,,,
91,Paul F. Tompkins,Weird Al Yankovic,Tom Scharpling,,,,,,,,,,,,,,,,,,
90,Maria Thayer,Brett Gelman,Michael Gladis,,,,,,,,,,,,,,,,,,
89,Harris Wittels,Nick Kroll,,,,,,,,,,,,,,,,,,,
88,Chris Hardwick,Matt Braunger,,,,,,,,,,,,,,,,,,,
87,Chelsea Peretti,Nick Thune,,,,,,,,,,,,,,,,,,,
86,Patton Oswalt,Rob Huebel,,,,,,,,,,,,,,,,,,,
85,Colin Hanks,Andy Daly,Brett Gelman,Neil Campbell,Paul F. Tompkins,Nick Kroll,Seth Morris,,,,,,,,,,,,,,
84,Harris Wittels,Reggie Watts,Eddie Pepitone,,,,,,,,,,,,,,,,,,
83,Michael Ian Black,Seth Morris,,,,,,,,,,,,,,,,,,,
82,Jerry Minor,Kevin Nealon,Miles Archer,Jon Daly,,,,,,,,,,,,,,,,,
81,Todd Barry,Neil Campbell,Paul Rust,,,,,,,,,,,,,,,,,,
80,Adam Scott,Paul F. Tompkins,James Adomian,,,,,,,,,,,,,,,,,,
79,Eugene Mirman,Jackie Clarke,Mookie Blaiklock,,,,,,,,,,,,,,,,,,
78,Doug Benson,John Gemberling,,,,,,,,,,,,,,,,,,,
77,Jerry Minor,Miles Archer,Allan McLeod,Brett Gelman,Jon Daly,Nick Wiger,,,,,,,,,,,,,,,
76.5,Zach Galifianakis,Paul F. Tompkins,Dillon Campbell,,,,,,,,,,,,,,,,,,
76,Zach Galifianakis,Paul F. Tompkins,Dillon Campbell,,,,,,,,,,,,,,,,,,
75,Mike Birbiglia,Henry Phillips,Matt Besser,,,,,,,,,,,,,,,,,,
74,Jason Mantzoukas,Andy Daly,Rocky Aukerman,,,,,,,,,,,,,,,,,,
73,Nick Swardson,Jon Daly,,,,,,,,,,,,,,,,,,,
72,Janeane Garofalo,Andy Dick,James Adomian,,,,,,,,,,,,,,,,,,
71,Nick Kroll,Paul Scheer,,,,,,,,,,,,,,,,,,,
70,Aimee Mann,Paul F. Tompkins,Ted Leo,Jon Wurster,,,,,,,,,,,,,,,,,
69,Kumail Nanjiani,Tom Lennon,Loch and Key,,,,,,,,,,,,,,,,,,
68,Fred Armisen,Howard Kremer,Kyle Gass,Trainwreck,,,,,,,,,,,,,,,,,
67,Lake Bell,Rob Corddry,Paul F. Tompkins,,,,,,,,,,,,,,,,,,
66.5,Bob Odenkirk,Brett Gelman,,,,,,,,,,,,,,,,,,,
66,Bob Odenkirk,Brett Gelman,,,,,,,,,,,,,,,,,,,
65,Sklar Brothers,Seth Morris,,,,,,,,,,,,,,,,,,,
64,Sarah Silverman,Mary Lynn Rajskub,James Adomian,,,,,,,,,,,,,,,,,,
63,Jon Hamm,Rich Sommer,David Koechner,,,,,,,,,,,,,,,,,,
62,Andy Richter,Paul Rust,Harris Wittels,Michael Cassady,Paul F. Tompkins,Matt Besser,,,,,,,,,,,,,,,
61,Jimmy Pardo,Rory Scovel,,,,,,,,,,,,,,,,,,,
60,Jessica St. Clair,Donald Glover,Brendon Walsh,,,,,,,,,,,,,,,,,,
59,Todd Glass,Paul F. Tompkins,Andy Daly,,,,,,,,,,,,,,,,,,
58,Rob Huebel,Steel Panther,,,,,,,,,,,,,,,,,,,
57,Brian Posehn,James Adomian,,,,,,,,,,,,,,,,,,,
56,David Anthony Higgins,Paul F. Tompkins,,,,,,,,,,,,,,,,,,,
55,Natasha Leggero,Jason Mantzoukas,Seth Morris,,,,,,,,,,,,,,,,,,
54,Marc Maron,Mike Hanford,Tim Kalpakis,Mike Mitchell,Dave Ferguson,Jefferson Dutton,Matt Kowalick,,,,,,,,,,,,,,
53,Weird Al Yankovic,Riki Lindhome,Kate Micucci,,,,,,,,,,,,,,,,,,
52,Sarah Silverman,Harris Wittels,Ben Schwartz,,,,,,,,,,,,,,,,,,
51,Tig Notaro,Paul F. Tompkins,James Adomian,,,,,,,,,,,,,,,,,,
50,Paul Gilmartin,Mookie Blaiklock,Marc Evan Jackson,Craig Cackowski,,,,,,,,,,,,,,,,,
49,Adam Scott,Chris Fairbanks,Matt Walsh,June Diane Raphael,,,,,,,,,,,,,,,,,
48,Sklar Brothers,Paul Scheer,,,,,,,,,,,,,,,,,,,
47,Greg Proops,Jon Daly,,,,,,,,,,,,,,,,,,,
46,Paul F. Tompkins,Andy Daly,Jeff Garlin,Ben Stiller,,,,,,,,,,,,,,,,,
45,Craig Robinson,Dave Sitek,Dave Cousin,Brandon Johnson,James Adomian,,,,,,,,,,,,,,,,
44,Jason Woliner,Nick Kroll,Paul F. Tompkins,,,,,,,,,,,,,,,,,,
43,Tig Notaro,Rory Scovel,Casey Wilson,,,,,,,,,,,,,,,,,,
42,Nick Thune,James Pumphrey,Danielle Schneider,Ian Roberts,Matt Walsh,,,,,,,,,,,,,,,,
41,Aimee Mann,Kumail Nanjiani,Drew Droege,,,,,,,,,,,,,,,,,,
40,Doug Benson,Harris Wittels,Paul F. Tompkins,James Adomian,,,,,,,,,,,,,,,,,
39,Seth Morris,Brendon Walsh,Riki Lindhome,Kate Micucci,,,,,,,,,,,,,,,,,
38,Kaitlin Olson,Jeremy Carter,Mark McConville,Matt Gourley,,,,,,,,,,,,,,,,,
37,Sarah Silverman,Todd Glass,Hannibal Buress,,,,,,,,,,,,,,,,,,
36,Miles Archer,Matt Besser,,,,,,,,,,,,,,,,,,,
35,Patton Oswalt,Tom Lennon,Brett Gelman,,,,,,,,,,,,,,,,,,
34,Jon Hamm,Doug Benson,Kulap Vilaysack,Paul F. Tompkins,James Adomian,Nick Kroll,,,,,,,,,,,,,,,
33,Kyle Kinane,Paul F. Tompkins,,,,,,,,,,,,,,,,,,,
32,Aziz Ansari,Brendon Small,Hal Rudnick,,,,,,,,,,,,,,,,,,
31,Michael Cera,Jimmy Pardo,Harris Wittels,Nick Kroll,James Adomian,Paul F. Tompkins,,,,,,,,,,,,,,,
30,Dave Holmes,Matt Walsh,Howard Kremer,,,,,,,,,,,,,,,,,,
29,Ben Schwartz,James Adomian,Chip Pope,,,,,,,,,,,,,,,,,,
28,Todd Glass,Paul F. Tompkins,Jon Daly,,,,,,,,,,,,,,,,,,
27,Jerry O'Connell,Miles Archer,Nick Kroll,,,,,,,,,,,,,,,,,,
26,Sarah Silverman,Andy Richter,,,,,,,,,,,,,,,,,,,
25,Mike O'Connell,Neil Hamburger,Brent Weinbach,,,,,,,,,,,,,,,,,,
24,Nick Swardson,Matt Walsh,Paul F. Tompkins,James Adomian,,,,,,,,,,,,,,,,,
23,Weird Al Yankovic,Tig Notaro,,,,,,,,,,,,,,,,,,,
22,Matt Belknap,Dana Gould,Pat Francis,Mike Toomey,,,,,,,,,,,,,,,,,
21,Charlyne Yi,Chris Hardwick,Seth Morris,,,,,,,,,,,,,,,,,,
20,Mary Lynn Rajskub,Reggie Watts,Rory Scovel,,,,,,,,,,,,,,,,,,
19,Kevin Nealon,Laraine Newman,Casey Wilson,,,,,,,,,,,,,,,,,,
18,Andy Kindler,Brendon Walsh,Jerry Minor,,,,,,,,,,,,,,,,,,
17,Matt Walsh,Matt Braunger,Tom Lennon,,,,,,,,,,,,,,,,,,
16,Bob Odenkirk,Andy Dick,Chelsea Peretti,,,,,,,,,,,,,,,,,,
15,Steve Agee,Natasha Leggero,Matt Besser,,,,,,,,,,,,,,,,,,
14,Zach Galifianakis,Andy Samberg,Doug Benson,Andy Daly,,,,,,,,,,,,,,,,,
13,Jason Nash,Jimmy Dore,Doug Benson,Paul F. Tompkins,,,,,,,,,,,,,,,,,
12,Jon Hamm,Nick Kroll,Howard Kremer,Doug Benson,,,,,,,,,,,,,,,,,
11,Doug Benson,Rob Huebel,Sklar Brothers,,,,,,,,,,,,,,,,,,
10,Aimee Mann,Morgan Murphy,Doug Benson,Seth Morris,,,,,,,,,,,,,,,,,
9,Dax Shepard,Neil Hamburger,Paul F. Tompkins,Chip Pope,,,,,,,,,,,,,,,,,
8,Weird Al Yankovic,Doug Benson,Paul Scheer,,,,,,,,,,,,,,,,,,
7,Sklar Brothers,Paul F. Tompkins,Doug Benson,Paul Rust,,,,,,,,,,,,,,,,,
6,Sarah Silverman,Howard Kremer,Doug Benson,Brett Gelman,,,,,,,,,,,,,,,,,
5,Riki Lindhome,Kate Micucci,Matt Belknap,Doug Benson,Paul Gilmartin,Maria Bamford,Pat Francis,,,,,,,,,,,,,,
4,Matt Mira,Mike Phirman,Doug Benson,,,,,,,,,,,,,,,,,,
3,Greg Behrendt,Jackie Clarke,Doug Benson,Nick Thune,,,,,,,,,,,,,,,,,
2,Kevin Nealon,Aziz Ansari,Doug Benson,,,,,,,,,,,,,,,,,,
1,Rob Huebel,Tom Lennon,Doug Benson,,,,,,,,,,,,,,,,,,
